scenario,seed,policy,variant,at_risk_orders,at_risk_amount,at_risk_recovered_orders,at_risk_recovered_amount,at_risk_recovery_rate,at_risk_messages,at_risk_link_orders,at_risk_steer_orders,at_risk_organic_orders,eligible_orders,eligible_amount,recovered_orders,recovered_amount,recovery_rate,link_orders,steer_orders,organic_orders,messages_sent,links_created,opt_outs,escalations,incidents,actions_refused,policy_violations,time_to_detect_minutes,stream_digest
S0,0,B0,peak,0,0,0,0,0.000000,0,0,0,0,1540,299148490,485,101653973,0.314935,0,0,485,0,0,0,0,0,0,0,,fbb8d90238a05e36cd66f1762ed57a41dddd03c1c7f71c1d1ac667db20c87647
S0,0,B1,peak,0,0,0,0,0.000000,0,0,0,0,1540,299148490,882,175200235,0.572727,430,0,452,891,891,23,0,0,555,0,,fbb8d90238a05e36cd66f1762ed57a41dddd03c1c7f71c1d1ac667db20c87647
S0,0,B2,peak,0,0,0,0,0.000000,0,0,0,0,1540,299148490,874,174754202,0.567532,407,0,467,1088,733,25,0,0,483,0,,fbb8d90238a05e36cd66f1762ed57a41dddd03c1c7f71c1d1ac667db20c87647
S0,0,agent,peak,0,0,0,0,0.000000,0,0,0,0,1540,299148490,485,101653973,0.314935,0,0,485,0,0,0,0,0,0,0,,fbb8d90238a05e36cd66f1762ed57a41dddd03c1c7f71c1d1ac667db20c87647
S0,1,B0,peak,0,0,0,0,0.000000,0,0,0,0,1512,210389718,459,66680216,0.303571,0,0,459,0,0,0,0,0,0,0,,58490f81d58658de23008f1aa6d47987f9a676f814273df52045bda92aedefa3
S0,1,B1,peak,0,0,0,0,0.000000,0,0,0,0,1512,210389718,870,126162530,0.575397,445,0,425,881,881,32,0,0,532,0,,58490f81d58658de23008f1aa6d47987f9a676f814273df52045bda92aedefa3
S0,1,B2,peak,0,0,0,0,0.000000,0,0,0,0,1512,210389718,857,124268038,0.566799,416,0,441,1086,733,31,0,0,478,0,,58490f81d58658de23008f1aa6d47987f9a676f814273df52045bda92aedefa3
S0,1,agent,peak,0,0,0,0,0.000000,0,0,0,0,1512,210389718,459,66680216,0.303571,0,0,459,0,0,0,0,0,0,0,,58490f81d58658de23008f1aa6d47987f9a676f814273df52045bda92aedefa3
S0,2,B0,peak,0,0,0,0,0.000000,0,0,0,0,1466,308160651,507,110648104,0.345839,0,0,507,0,0,0,0,0,0,0,,9c12dff6086e6a71d750a98b775f75ce364eea1e2696cda65c8d156501070116
S0,2,B1,peak,0,0,0,0,0.000000,0,0,0,0,1466,308160651,892,193950025,0.608458,426,0,466,846,846,8,0,0,517,0,,9c12dff6086e6a71d750a98b775f75ce364eea1e2696cda65c8d156501070116
S0,2,B2,peak,0,0,0,0,0.000000,0,0,0,0,1466,308160651,891,194702465,0.607776,400,0,491,985,672,15,0,0,447,0,,9c12dff6086e6a71d750a98b775f75ce364eea1e2696cda65c8d156501070116
S0,2,agent,peak,0,0,0,0,0.000000,0,0,0,0,1466,308160651,507,110648104,0.345839,0,0,507,0,0,0,0,0,0,0,,9c12dff6086e6a71d750a98b775f75ce364eea1e2696cda65c8d156501070116
S0,3,B0,peak,0,0,0,0,0.000000,0,0,0,0,1491,275679181,483,93499038,0.323944,0,0,483,0,0,0,0,0,0,0,,2257c4e8ceecf3970ab78646fd31c141d46a6a1fc313862c442972d4d4309e1c
S0,3,B1,peak,0,0,0,0,0.000000,0,0,0,0,1491,275679181,903,169514428,0.605634,465,0,438,865,865,13,0,0,524,0,,2257c4e8ceecf3970ab78646fd31c141d46a6a1fc313862c442972d4d4309e1c
S0,3,B2,peak,0,0,0,0,0.000000,0,0,0,0,1491,275679181,883,167418530,0.592220,420,0,463,1045,715,23,0,0,476,0,,2257c4e8ceecf3970ab78646fd31c141d46a6a1fc313862c442972d4d4309e1c
S0,3,agent,peak,0,0,0,0,0.000000,0,0,0,0,1491,275679181,483,93499038,0.323944,0,0,483,0,0,0,0,0,0,0,,2257c4e8ceecf3970ab78646fd31c141d46a6a1fc313862c442972d4d4309e1c
S0,4,B0,peak,0,0,0,0,0.000000,0,0,0,0,1498,267014111,457,87917599,0.305073,0,0,457,0,0,0,0,0,0,0,,9b3fd2a4517a2fd4cb2545bd470e55c6b05b08e67c095f1719121bffd302a023
S0,4,B1,peak,0,0,0,0,0.000000,0,0,0,0,1498,267014111,870,165620256,0.580774,441,0,429,879,879,21,0,0,517,0,,9b3fd2a4517a2fd4cb2545bd470e55c6b05b08e67c095f1719121bffd302a023
S0,4,B2,peak,0,0,0,0,0.000000,0,0,0,0,1498,267014111,856,163782689,0.571429,414,0,442,1065,722,21,0,0,478,0,,9b3fd2a4517a2fd4cb2545bd470e55c6b05b08e67c095f1719121bffd302a023
S0,4,agent,peak,0,0,0,0,0.000000,0,0,0,0,1498,267014111,457,87917599,0.305073,0,0,457,0,0,0,0,0,0,0,,9b3fd2a4517a2fd4cb2545bd470e55c6b05b08e67c095f1719121bffd302a023
S0,5,B0,peak,0,0,0,0,0.000000,0,0,0,0,1466,246816753,495,91268751,0.337653,0,0,495,0,0,0,0,0,0,0,,960629da96f881eaa92f01688a58c25297044c47df74caf3d06f0dcd758cc9d3
S0,5,B1,peak,0,0,0,0,0.000000,0,0,0,0,1466,246816753,885,155192839,0.603683,422,0,463,841,841,12,0,0,522,0,,960629da96f881eaa92f01688a58c25297044c47df74caf3d06f0dcd758cc9d3
S0,5,B2,peak,0,0,0,0,0.000000,0,0,0,0,1466,246816753,870,155407590,0.593452,386,0,484,986,663,21,0,0,457,0,,960629da96f881eaa92f01688a58c25297044c47df74caf3d06f0dcd758cc9d3
S0,5,agent,peak,0,0,0,0,0.000000,0,0,0,0,1466,246816753,495,91268751,0.337653,0,0,495,0,0,0,0,0,0,0,,960629da96f881eaa92f01688a58c25297044c47df74caf3d06f0dcd758cc9d3
S0,6,B0,peak,0,0,0,0,0.000000,0,0,0,0,1499,219216516,461,70077876,0.307538,0,0,461,0,0,0,0,0,0,0,,dd66d5d8b7e8867f9d493a8f572b774c77fc61cd93937c59a27ca5d429f04ea5
S0,6,B1,peak,0,0,0,0,0.000000,0,0,0,0,1499,219216516,863,125272519,0.575717,429,0,434,890,890,21,0,0,509,0,,dd66d5d8b7e8867f9d493a8f572b774c77fc61cd93937c59a27ca5d429f04ea5
S0,6,B2,peak,0,0,0,0,0.000000,0,0,0,0,1499,219216516,840,123842140,0.560374,391,0,449,1085,732,25,0,0,478,0,,dd66d5d8b7e8867f9d493a8f572b774c77fc61cd93937c59a27ca5d429f04ea5
S0,6,agent,peak,0,0,0,0,0.000000,0,0,0,0,1499,219216516,461,70077876,0.307538,0,0,461,0,0,0,0,0,0,0,,dd66d5d8b7e8867f9d493a8f572b774c77fc61cd93937c59a27ca5d429f04ea5
S0,7,B0,peak,0,0,0,0,0.000000,0,0,0,0,1489,306183009,516,111110341,0.346541,0,0,516,0,0,0,0,0,0,0,,0a1048adf10dd49bd44fa4d8363f3d3eb4a738e4bf3ba7a780d92ae7ac61b79a
S0,7,B1,peak,0,0,0,0,0.000000,0,0,0,0,1489,306183009,938,197996243,0.629953,456,0,482,872,872,18,0,0,504,0,,0a1048adf10dd49bd44fa4d8363f3d3eb4a738e4bf3ba7a780d92ae7ac61b79a
S0,7,B2,peak,0,0,0,0,0.000000,0,0,0,0,1489,306183009,911,192321600,0.611820,415,0,496,1020,692,21,0,0,428,0,,0a1048adf10dd49bd44fa4d8363f3d3eb4a738e4bf3ba7a780d92ae7ac61b79a
S0,7,agent,peak,0,0,0,0,0.000000,0,0,0,0,1489,306183009,516,111110341,0.346541,0,0,516,0,0,0,0,0,0,0,,0a1048adf10dd49bd44fa4d8363f3d3eb4a738e4bf3ba7a780d92ae7ac61b79a
S0,8,B0,peak,0,0,0,0,0.000000,0,0,0,0,1490,235665795,483,81886703,0.324161,0,0,483,0,0,0,0,0,0,0,,7667429a0076b40004fccd876c5745607b28b9d9061dc77a615dd21a627ef2dd
S0,8,B1,peak,0,0,0,0,0.000000,0,0,0,0,1490,235665795,880,145191367,0.590604,429,0,451,892,892,20,0,0,484,0,,7667429a0076b40004fccd876c5745607b28b9d9061dc77a615dd21a627ef2dd
S0,8,B2,peak,0,0,0,0,0.000000,0,0,0,0,1490,235665795,870,145731407,0.583893,401,0,469,1074,716,19,0,0,429,0,,7667429a0076b40004fccd876c5745607b28b9d9061dc77a615dd21a627ef2dd
S0,8,agent,peak,0,0,0,0,0.000000,0,0,0,0,1490,235665795,483,81886703,0.324161,0,0,483,0,0,0,0,0,0,0,,7667429a0076b40004fccd876c5745607b28b9d9061dc77a615dd21a627ef2dd
S0,9,B0,peak,0,0,0,0,0.000000,0,0,0,0,1531,249284650,487,85401307,0.318093,0,0,487,0,0,0,0,0,0,0,,c1d4212444a3c2e32aac2b40183a71cb9a921d4d6c74dfe338aa9a9471d380c6
S0,9,B1,peak,0,0,0,0,0.000000,0,0,0,0,1531,249284650,899,152169513,0.587198,455,0,444,925,925,21,0,0,507,0,,c1d4212444a3c2e32aac2b40183a71cb9a921d4d6c74dfe338aa9a9471d380c6
S0,9,B2,peak,0,0,0,0,0.000000,0,0,0,0,1531,249284650,886,150520410,0.578707,419,0,467,1127,756,26,0,0,466,0,,c1d4212444a3c2e32aac2b40183a71cb9a921d4d6c74dfe338aa9a9471d380c6
S0,9,agent,peak,0,0,0,0,0.000000,0,0,0,0,1531,249284650,487,85401307,0.318093,0,0,487,0,0,0,0,0,0,0,,c1d4212444a3c2e32aac2b40183a71cb9a921d4d6c74dfe338aa9a9471d380c6
S1,0,B0,peak,255,49188957,57,12339414,0.223529,0,0,0,57,1763,340806846,525,110240902,0.297788,0,0,525,0,0,0,0,1,0,0,5.0,ceef2f5f3eb59687c0cfe83516b1fb9b55bc5f44f9644c5b83a52ca0057a387a
S1,0,B1,peak,255,49188957,67,14403696,0.262745,174,12,0,55,1763,340806846,927,184419552,0.525808,436,0,491,1045,1045,41,0,1,624,0,5.0,ceef2f5f3eb59687c0cfe83516b1fb9b55bc5f44f9644c5b83a52ca0057a387a
S1,0,B2,peak,255,49188957,89,19232152,0.349020,232,32,0,57,1763,340806846,939,188078374,0.532615,430,0,509,1302,859,34,0,1,583,0,5.0,ceef2f5f3eb59687c0cfe83516b1fb9b55bc5f44f9644c5b83a52ca0057a387a
S1,0,agent,peak,255,49188957,121,23312386,0.474510,67,12,68,41,1763,340806846,592,122021996,0.335791,12,71,509,73,43,1,0,1,2,0,5.0,ceef2f5f3eb59687c0cfe83516b1fb9b55bc5f44f9644c5b83a52ca0057a387a
S1,1,B0,peak,282,38234049,49,7464793,0.173759,0,0,0,49,1765,244406115,499,72890956,0.282720,0,0,499,0,0,0,0,1,0,0,6.0,6a6e30230725aae55cb1568e5a9617e43e5632e5469565116c22323f740051f2
S1,1,B1,peak,282,38234049,79,12105595,0.280142,174,32,0,47,1765,244406115,932,135943211,0.528045,467,0,465,1038,1038,52,0,1,614,0,6.0,6a6e30230725aae55cb1568e5a9617e43e5632e5469565116c22323f740051f2
S1,1,B2,peak,282,38234049,96,13676301,0.340426,282,48,0,48,1765,244406115,933,135477998,0.528612,452,0,481,1341,875,37,0,1,586,0,6.0,6a6e30230725aae55cb1568e5a9617e43e5632e5469565116c22323f740051f2
S1,1,agent,peak,282,38234049,121,16550676,0.429078,78,19,70,32,1765,244406115,572,82216636,0.324079,19,71,482,89,57,2,0,1,6,0,6.0,6a6e30230725aae55cb1568e5a9617e43e5632e5469565116c22323f740051f2
S1,2,B0,peak,279,59141690,43,8669075,0.154122,0,0,0,43,1727,363633894,539,116611209,0.312102,0,0,539,0,0,0,0,1,0,0,6.0,81e5c73c1ca2adab69a7cc8f924384828647fcbe5c965229dd5a5690c15337dd
S1,2,B1,peak,279,59141690,91,19593455,0.326165,173,48,0,43,1727,363633894,972,210540834,0.562826,472,0,500,1007,1007,22,0,1,590,0,6.0,81e5c73c1ca2adab69a7cc8f924384828647fcbe5c965229dd5a5690c15337dd
S1,2,B2,peak,279,59141690,98,21348044,0.351254,301,55,0,43,1727,363633894,976,212961690,0.565142,452,0,524,1270,838,23,0,1,557,0,6.0,81e5c73c1ca2adab69a7cc8f924384828647fcbe5c965229dd5a5690c15337dd
S1,2,agent,peak,279,59141690,132,26480741,0.473118,79,16,85,31,1727,363633894,631,135381232,0.365373,18,87,526,83,52,2,0,1,4,0,6.0,81e5c73c1ca2adab69a7cc8f924384828647fcbe5c965229dd5a5690c15337dd
S1,3,B0,peak,266,46225407,54,9800551,0.203008,0,0,0,54,1728,316995508,524,100806772,0.303241,0,0,524,0,0,0,0,1,0,0,5.0,9d5f6f636ae2203cab9ef513467d850f9283058a6d780009f45289db39f6f68b
S1,3,B1,peak,266,46225407,84,15169206,0.315789,176,31,0,53,1728,316995508,969,181143344,0.560764,488,0,481,1022,1022,28,0,1,596,0,5.0,9d5f6f636ae2203cab9ef513467d850f9283058a6d780009f45289db39f6f68b
S1,3,B2,peak,266,46225407,99,18739921,0.372180,274,46,0,53,1728,316995508,960,182118542,0.555556,456,0,504,1300,865,31,0,1,577,0,5.0,9d5f6f636ae2203cab9ef513467d850f9283058a6d780009f45289db39f6f68b
S1,3,agent,peak,266,46225407,152,28376763,0.571429,179,38,72,42,1728,316995508,623,119565139,0.360532,39,72,512,186,107,0,0,1,85,0,5.0,9d5f6f636ae2203cab9ef513467d850f9283058a6d780009f45289db39f6f68b
S1,4,B0,peak,260,42248770,48,9367559,0.184615,0,0,0,48,1727,303534799,492,95491239,0.284887,0,0,492,0,0,0,0,1,0,0,4.0,955a10d8ab18b0fdfe9a868ce5240a76f55f646eef21e5c2fd1d24404b3c50a4
S1,4,B1,peak,260,42248770,91,16839299,0.350000,156,43,0,48,1727,303534799,942,179507633,0.545455,478,0,464,1019,1019,31,0,1,584,0,4.0,955a10d8ab18b0fdfe9a868ce5240a76f55f646eef21e5c2fd1d24404b3c50a4
S1,4,B2,peak,260,42248770,107,18718917,0.411538,269,59,0,48,1727,303534799,941,178763415,0.544876,464,0,477,1306,856,25,0,1,569,0,4.0,955a10d8ab18b0fdfe9a868ce5240a76f55f646eef21e5c2fd1d24404b3c50a4
S1,4,agent,peak,260,42248770,122,20815675,0.469231,65,12,75,35,1727,303534799,569,107695110,0.329473,15,76,478,79,49,2,0,1,4,0,4.0,955a10d8ab18b0fdfe9a868ce5240a76f55f646eef21e5c2fd1d24404b3c50a4
S1,5,B0,peak,239,40290238,60,10511451,0.251046,0,0,0,60,1676,281918241,541,98960366,0.322792,0,0,541,0,0,0,0,1,0,0,6.0,88342074b9bbd05c6a9ed99bdf65d96e1df2c155c83092ab672ea74e0de81817
S1,5,B1,peak,239,40290238,64,11099072,0.267782,158,6,0,58,1676,281918241,929,162399687,0.554296,419,0,510,984,984,28,0,1,587,0,6.0,88342074b9bbd05c6a9ed99bdf65d96e1df2c155c83092ab672ea74e0de81817
S1,5,B2,peak,239,40290238,83,14818883,0.347280,231,23,0,60,1676,281918241,933,166171806,0.556683,402,0,531,1204,785,28,0,1,534,0,6.0,88342074b9bbd05c6a9ed99bdf65d96e1df2c155c83092ab672ea74e0de81817
S1,5,agent,peak,239,40290238,132,22475539,0.552301,62,10,81,41,1676,281918241,615,111569294,0.366945,11,83,521,67,37,0,0,1,0,0,6.0,88342074b9bbd05c6a9ed99bdf65d96e1df2c155c83092ab672ea74e0de81817
S1,6,B0,peak,267,39019689,51,7679684,0.191011,0,0,0,51,1737,253817104,502,76722376,0.289004,0,0,502,0,0,0,0,1,0,0,5.0,bed6e4bca78e8c6f9f453b89131de1d4cddc8b32c69777f8ea3533bbc7f6d9ca
S1,6,B1,peak,267,39019689,77,11154840,0.288390,166,26,0,51,1737,253817104,927,134431573,0.533679,450,0,477,1041,1041,38,0,1,581,0,5.0,bed6e4bca78e8c6f9f453b89131de1d4cddc8b32c69777f8ea3533bbc7f6d9ca
S1,6,B2,peak,267,39019689,94,14540257,0.352060,257,43,0,51,1737,253817104,920,136400529,0.529649,430,0,490,1324,868,30,0,1,575,0,5.0,bed6e4bca78e8c6f9f453b89131de1d4cddc8b32c69777f8ea3533bbc7f6d9ca
S1,6,agent,peak,267,39019689,161,23709509,0.602996,162,34,92,35,1737,253817104,618,93652819,0.355786,38,95,485,181,108,5,0,1,75,0,5.0,bed6e4bca78e8c6f9f453b89131de1d4cddc8b32c69777f8ea3533bbc7f6d9ca
S1,7,B0,peak,276,58256230,52,11134760,0.188406,0,0,0,52,1735,357580311,558,120283344,0.321614,0,0,558,0,0,0,0,1,0,0,7.0,6325c4c036ef4d8fe127d61013f431807d92ebc0d21b4d5c9a2064ef8e3a3a0b
S1,7,B1,peak,276,58256230,93,19858556,0.336957,158,42,0,51,1735,357580311,1011,213618839,0.582709,488,0,523,1015,1015,21,0,1,581,0,7.0,6325c4c036ef4d8fe127d61013f431807d92ebc0d21b4d5c9a2064ef8e3a3a0b
S1,7,B2,peak,276,58256230,102,22197125,0.369565,275,50,0,52,1735,357580311,992,209604783,0.571758,454,0,538,1267,832,25,0,1,530,0,7.0,6325c4c036ef4d8fe127d61013f431807d92ebc0d21b4d5c9a2064ef8e3a3a0b
S1,7,agent,peak,276,58256230,149,31236968,0.539855,75,24,92,33,1735,357580311,656,140472131,0.378098,24,93,539,76,49,1,0,1,2,0,7.0,6325c4c036ef4d8fe127d61013f431807d92ebc0d21b4d5c9a2064ef8e3a3a0b
S1,8,B0,peak,237,37389486,48,8862347,0.202532,0,0,0,48,1700,269060805,518,88252563,0.304706,0,0,518,0,0,0,0,1,0,0,7.0,b1319586d5f6455c8592ebeee182ca95876c4c2b61e846f0a8ac95337acf58de
S1,8,B1,peak,237,37389486,72,13021606,0.303797,163,26,0,46,1700,269060805,934,155345703,0.549412,449,0,485,1036,1036,38,0,1,539,0,7.0,b1319586d5f6455c8592ebeee182ca95876c4c2b61e846f0a8ac95337acf58de
S1,8,B2,peak,237,37389486,94,16482622,0.396624,244,46,0,48,1700,269060805,942,158074607,0.554118,438,0,504,1298,838,27,0,1,504,0,7.0,b1319586d5f6455c8592ebeee182ca95876c4c2b61e846f0a8ac95337acf58de
S1,8,agent,peak,237,37389486,115,20079054,0.485232,64,10,75,30,1700,269060805,587,99652862,0.345294,11,76,500,69,41,1,0,1,2,0,7.0,b1319586d5f6455c8592ebeee182ca95876c4c2b61e846f0a8ac95337acf58de
S1,9,B0,peak,257,41820700,44,8117185,0.171206,0,0,0,44,1753,285626269,517,91251240,0.294923,0,0,517,0,0,0,0,1,0,0,3.0,38c3edebc3117c7de7d7da68de9954424063aef501dca8bd438df2a0e3a42b7e
S1,9,B1,peak,257,41820700,83,14551456,0.322957,147,39,0,44,1753,285626269,960,163188048,0.547633,486,0,474,1053,1053,28,0,1,582,0,3.0,38c3edebc3117c7de7d7da68de9954424063aef501dca8bd438df2a0e3a42b7e
S1,9,B2,peak,257,41820700,90,15296025,0.350195,245,46,0,44,1753,285626269,950,161876739,0.541928,453,0,497,1344,879,30,0,1,571,0,3.0,38c3edebc3117c7de7d7da68de9954424063aef501dca8bd438df2a0e3a42b7e
S1,9,agent,peak,257,41820700,44,8117185,0.171206,0,0,0,44,1753,285626269,517,91251240,0.294923,0,0,517,0,0,0,2,1,229,0,3.0,38c3edebc3117c7de7d7da68de9954424063aef501dca8bd438df2a0e3a42b7e
S2,0,B0,peak,166,34176235,32,6895434,0.192771,0,0,0,32,1675,327440872,503,105411089,0.300299,0,0,503,0,0,0,0,1,0,0,9.0,07a86fe85bf708ed071f3a7ec050dc2c1cabc8957547ea0b3ca47ae177d1625c
S2,0,B1,peak,166,34176235,44,9717852,0.265060,90,12,0,32,1675,327440872,904,180553009,0.539701,432,0,472,960,960,30,0,1,614,0,9.0,07a86fe85bf708ed071f3a7ec050dc2c1cabc8957547ea0b3ca47ae177d1625c
S2,0,B2,peak,166,34176235,49,10890518,0.295181,135,17,0,32,1675,327440872,901,181283329,0.537910,415,0,486,1200,801,30,0,1,564,0,9.0,07a86fe85bf708ed071f3a7ec050dc2c1cabc8957547ea0b3ca47ae177d1625c
S2,0,agent,peak,166,34176235,75,14498867,0.451807,26,7,49,19,1675,327440872,546,113014522,0.325970,7,49,490,28,18,0,0,1,2,0,9.0,07a86fe85bf708ed071f3a7ec050dc2c1cabc8957547ea0b3ca47ae177d1625c
S2,1,B0,peak,139,18637832,26,3422238,0.187050,0,0,0,26,1626,225295432,474,68269774,0.291513,0,0,474,0,0,0,0,1,0,0,7.0,310eb9c16f6b6c8c8a6bf42417aacd00650e8292e294eb610a2d2647a5a15374
S2,1,B1,peak,139,18637832,36,4677179,0.258993,80,10,0,26,1626,225295432,892,128700596,0.548585,450,0,442,950,950,39,0,1,572,0,7.0,310eb9c16f6b6c8c8a6bf42417aacd00650e8292e294eb610a2d2647a5a15374
S2,1,B2,peak,139,18637832,51,6500808,0.366906,131,25,0,26,1626,225295432,889,127842858,0.546740,433,0,456,1204,801,34,0,1,533,0,7.0,310eb9c16f6b6c8c8a6bf42417aacd00650e8292e294eb610a2d2647a5a15374
S2,1,agent,peak,139,18637832,74,9734181,0.532374,94,20,36,18,1626,225295432,527,75643540,0.324108,20,42,465,105,61,3,0,1,57,0,7.0,310eb9c16f6b6c8c8a6bf42417aacd00650e8292e294eb610a2d2647a5a15374
S2,2,B0,peak,149,32627889,22,5241441,0.147651,0,0,0,22,1590,335441992,521,114261145,0.327673,0,0,521,0,0,0,0,1,0,0,11.0,827b959c906c5868b1c4467578d4c3a53db2af0f62a593e9fbc9868eae055e7c
S2,2,B1,peak,149,32627889,41,9428452,0.275168,96,19,0,22,1590,335441992,925,201750077,0.581761,444,0,481,929,929,15,0,1,544,0,11.0,827b959c906c5868b1c4467578d4c3a53db2af0f62a593e9fbc9868eae055e7c
S2,2,B2,peak,149,32627889,55,12028988,0.369128,162,33,0,22,1590,335441992,934,204512419,0.587421,428,0,506,1133,755,19,0,1,495,0,11.0,827b959c906c5868b1c4467578d4c3a53db2af0f62a593e9fbc9868eae055e7c
S2,2,agent,peak,149,32627889,75,16478289,0.503356,45,13,49,13,1590,335441992,574,125497993,0.361006,13,49,512,49,32,2,0,1,3,0,11.0,827b959c906c5868b1c4467578d4c3a53db2af0f62a593e9fbc9868eae055e7c
S2,3,B0,peak,160,31192171,31,6147362,0.193750,0,0,0,31,1622,301774009,499,97254142,0.307645,0,0,499,0,0,0,0,1,0,0,8.0,5f82a86d8649d28a83dba5d6bbde2c2a405d454d585748b79cb1c9b48f1e6024
S2,3,B1,peak,160,31192171,46,9310715,0.287500,92,15,0,31,1622,301774009,928,175338090,0.572133,474,0,454,942,942,22,0,1,571,0,8.0,5f82a86d8649d28a83dba5d6bbde2c2a405d454d585748b79cb1c9b48f1e6024
S2,3,B2,peak,160,31192171,53,10445839,0.331250,144,22,0,31,1622,301774009,911,173506673,0.561652,431,0,480,1169,789,28,0,1,543,0,8.0,5f82a86d8649d28a83dba5d6bbde2c2a405d454d585748b79cb1c9b48f1e6024
S2,3,agent,peak,160,31192171,96,18259633,0.600000,86,18,55,23,1622,301774009,568,109969505,0.350185,22,55,491,95,57,2,0,1,45,0,8.0,5f82a86d8649d28a83dba5d6bbde2c2a405d454d585748b79cb1c9b48f1e6024
S2,4,B0,peak,171,28877350,22,3432217,0.128655,0,0,0,22,1633,289472806,471,90067206,0.288426,0,0,471,0,0,0,0,1,0,0,8.0,47a8fadb09cd0e442a231d3991b279cebb6bb2a359c9d89cf834ce9a90801279
S2,4,B1,peak,171,28877350,44,7570601,0.257310,102,22,0,22,1633,289472806,896,169866549,0.548683,453,0,443,962,962,29,0,1,562,0,8.0,47a8fadb09cd0e442a231d3991b279cebb6bb2a359c9d89cf834ce9a90801279
S2,4,B2,peak,171,28877350,46,7819116,0.269006,167,24,0,22,1633,289472806,888,169016171,0.543784,432,0,456,1200,806,25,0,1,551,0,8.0,47a8fadb09cd0e442a231d3991b279cebb6bb2a359c9d89cf834ce9a90801279
S2,4,agent,peak,171,28877350,74,12508784,0.432749,48,7,52,15,1633,289472806,528,99782634,0.323331,8,56,464,50,30,1,0,1,2,0,8.0,47a8fadb09cd0e442a231d3991b279cebb6bb2a359c9d89cf834ce9a90801279
S2,5,B0,peak,133,23584696,25,5090271,0.187970,0,0,0,25,1578,266696749,510,94743967,0.323194,0,0,510,0,0,0,0,1,0,0,5.0,1a2611f73760203f0c5ec97587c4f543183b142128a54ed2ad8d10703251530f
S2,5,B1,peak,133,23584696,32,6719307,0.240602,76,7,0,25,1578,266696749,901,159046239,0.570976,423,0,478,904,904,22,0,1,570,0,5.0,1a2611f73760203f0c5ec97587c4f543183b142128a54ed2ad8d10703251530f
S2,5,B2,peak,133,23584696,42,7990204,0.315789,115,17,0,25,1578,266696749,890,159446752,0.564005,391,0,499,1089,723,26,0,1,517,0,5.0,1a2611f73760203f0c5ec97587c4f543183b142128a54ed2ad8d10703251530f
S2,5,agent,peak,133,23584696,69,12916156,0.518797,26,6,44,19,1578,266696749,556,102882883,0.352345,8,44,504,32,20,0,0,1,0,0,5.0,1a2611f73760203f0c5ec97587c4f543183b142128a54ed2ad8d10703251530f
S2,6,B0,peak,149,22737252,28,3793802,0.187919,0,0,0,28,1623,238368344,482,72984577,0.296981,0,0,482,0,0,0,0,1,0,0,6.0,c7328916510b1b243ae236da33992167fca9f181b25ba186298b062746301f52
S2,6,B1,peak,149,22737252,39,5379936,0.261745,80,13,0,26,1623,238368344,892,129425205,0.549600,437,0,455,954,954,27,0,1,557,0,6.0,c7328916510b1b243ae236da33992167fca9f181b25ba186298b062746301f52
S2,6,B2,peak,149,22737252,44,6503087,0.295302,119,16,0,28,1623,238368344,873,128851968,0.537893,403,0,470,1178,791,31,0,1,547,0,6.0,c7328916510b1b243ae236da33992167fca9f181b25ba186298b062746301f52
S2,6,agent,peak,149,22737252,84,12597484,0.563758,81,17,46,21,1623,238368344,541,82231528,0.333333,19,47,475,92,55,3,0,1,61,0,6.0,c7328916510b1b243ae236da33992167fca9f181b25ba186298b062746301f52
S2,7,B0,peak,142,27147994,32,6946933,0.225352,0,0,0,32,1602,327366333,533,115110712,0.332709,0,0,533,0,0,0,0,1,0,0,5.0,b64b4a2766914c44b95d98b05a26d30fd7a1923610d8c3c113bc702507be67cd
S2,7,B1,peak,142,27147994,56,11034843,0.394366,78,24,0,32,1602,327366333,974,204551754,0.607990,474,0,500,937,937,20,0,1,536,0,5.0,b64b4a2766914c44b95d98b05a26d30fd7a1923610d8c3c113bc702507be67cd
S2,7,B2,peak,142,27147994,61,12605249,0.429577,131,29,0,32,1602,327366333,951,199785622,0.593633,438,0,513,1133,759,24,0,1,483,0,5.0,b64b4a2766914c44b95d98b05a26d30fd7a1923610d8c3c113bc702507be67cd
S2,7,agent,peak,142,27147994,71,13946715,0.500000,36,6,39,26,1602,327366333,574,122678370,0.358302,6,41,527,40,24,2,0,1,4,0,5.0,b64b4a2766914c44b95d98b05a26d30fd7a1923610d8c3c113bc702507be67cd
S2,8,B0,peak,152,24137720,24,4248032,0.157895,0,0,0,24,1612,254477771,495,84187307,0.307072,0,0,495,0,0,0,0,1,0,0,11.0,13292ba8f9770ba9f874b400c8b60c90089741866b798af36ffeb3212f3d779d
S2,8,B1,peak,152,24137720,38,6239657,0.250000,93,14,0,24,1612,254477771,899,148018990,0.557692,435,0,464,967,967,29,0,1,524,0,11.0,13292ba8f9770ba9f874b400c8b60c90089741866b798af36ffeb3212f3d779d
S2,8,B2,peak,152,24137720,48,8102526,0.315789,142,24,0,24,1612,254477771,899,150244529,0.557692,418,0,481,1191,787,23,0,1,493,0,11.0,13292ba8f9770ba9f874b400c8b60c90089741866b798af36ffeb3212f3d779d
S2,8,agent,peak,152,24137720,24,4248032,0.157895,0,0,0,24,1612,254477771,495,84187307,0.307072,0,0,495,0,0,0,2,1,88,0,11.0,13292ba8f9770ba9f874b400c8b60c90089741866b798af36ffeb3212f3d779d
S2,9,B0,peak,170,27580348,26,4876776,0.152941,0,0,0,26,1667,270762638,497,86974501,0.298140,0,0,497,0,0,0,0,1,0,0,16.0,f2fbe4242260b228d8eb3fec25764c6460907bc68c24788bba57df106004c09c
S2,9,B1,peak,170,27580348,48,9184347,0.282353,93,22,0,26,1667,270762638,930,157921093,0.557888,474,0,456,1002,1002,26,0,1,560,0,16.0,f2fbe4242260b228d8eb3fec25764c6460907bc68c24788bba57df106004c09c
S2,9,B2,peak,170,27580348,55,10368244,0.323529,154,29,0,26,1667,270762638,921,156713245,0.552490,443,0,478,1258,829,28,0,1,536,0,16.0,f2fbe4242260b228d8eb3fec25764c6460907bc68c24788bba57df106004c09c
S2,9,agent,peak,170,27580348,26,4876776,0.152941,0,0,0,26,1667,270762638,497,86974501,0.298140,0,0,497,0,0,0,2,1,90,0,16.0,f2fbe4242260b228d8eb3fec25764c6460907bc68c24788bba57df106004c09c
S3,0,B0,peak,527,102705834,176,37351010,0.333966,0,0,0,176,1938,376612071,618,128937180,0.318885,0,0,618,0,0,0,0,1,0,0,7.0,8123ab82ab0645280a12cee97027f83e9aa38dffe487c23ee462dd985f32ead2
S3,0,B1,peak,527,102705834,201,42144517,0.381404,354,28,0,173,1938,376612071,1000,200574931,0.515996,414,0,586,1164,1164,65,0,1,680,0,7.0,8123ab82ab0645280a12cee97027f83e9aa38dffe487c23ee462dd985f32ead2
S3,0,B2,peak,527,102705834,254,52160826,0.481973,434,78,0,176,1938,376612071,1036,207329884,0.534572,433,0,603,1447,916,40,0,1,611,0,7.0,8123ab82ab0645280a12cee97027f83e9aa38dffe487c23ee462dd985f32ead2
S3,0,agent,peak,527,102705834,255,52799409,0.483871,398,79,0,176,1938,376612071,730,151819079,0.376677,112,0,618,533,324,12,1,1,169,0,7.0,8123ab82ab0645280a12cee97027f83e9aa38dffe487c23ee462dd985f32ead2
S3,1,B0,peak,549,75893832,158,23255434,0.287796,0,0,0,158,1921,267899051,567,82819705,0.295159,0,0,567,0,0,0,0,1,0,0,7.0,c4a81554cf660a65eb3ec1e470cfd2fb46ea62649438d6979687262935e58265
S3,1,B1,peak,549,75893832,215,31331754,0.391621,321,58,0,157,1921,267899051,1012,147462638,0.526809,476,0,536,1123,1123,56,0,1,656,0,7.0,c4a81554cf660a65eb3ec1e470cfd2fb46ea62649438d6979687262935e58265
S3,1,B2,peak,549,75893832,248,35146464,0.451730,503,90,0,158,1921,267899051,1022,148240346,0.532015,471,0,551,1475,940,41,0,1,620,0,7.0,c4a81554cf660a65eb3ec1e470cfd2fb46ea62649438d6979687262935e58265
S3,1,agent,peak,549,75893832,217,31545526,0.395264,264,59,0,158,1921,267899051,649,94829321,0.337845,82,0,567,381,234,12,1,1,16,0,7.0,c4a81554cf660a65eb3ec1e470cfd2fb46ea62649438d6979687262935e58265
S3,2,B0,peak,588,125654346,178,40660668,0.302721,0,0,0,178,1917,404891959,627,138768765,0.327074,0,0,627,0,0,0,0,1,0,0,4.0,39c77d7da57ee015902045a32afa9da5cd5b14b33abed9c18114a551b26e2efe
S3,2,B1,peak,588,125654346,271,60972517,0.460884,297,93,0,178,1917,404891959,1095,239276023,0.571205,508,0,587,1082,1082,14,0,1,641,0,4.0,39c77d7da57ee015902045a32afa9da5cd5b14b33abed9c18114a551b26e2efe
S3,2,B2,peak,588,125654346,287,65049578,0.488095,549,109,0,178,1917,404891959,1101,242151848,0.574335,489,0,612,1419,907,21,0,1,586,0,4.0,39c77d7da57ee015902045a32afa9da5cd5b14b33abed9c18114a551b26e2efe
S3,2,agent,peak,588,125654346,292,65628852,0.496599,492,114,0,178,1917,404891959,774,170312923,0.403756,147,0,627,613,379,13,1,1,165,0,4.0,39c77d7da57ee015902045a32afa9da5cd5b14b33abed9c18114a551b26e2efe
S3,3,B0,peak,549,101037879,165,30989580,0.300546,0,0,0,165,1893,348994054,593,114466260,0.313259,0,0,593,0,0,0,0,1,0,0,9.0,e732ba7f77f949f64455fe5907314c0f0674fdf25910606e3aef98823be1b9c3
S3,3,B1,peak,549,101037879,221,41126915,0.402550,323,59,0,162,1893,348994054,1031,193079778,0.544638,483,0,548,1106,1106,39,0,1,653,0,9.0,e732ba7f77f949f64455fe5907314c0f0674fdf25910606e3aef98823be1b9c3
S3,3,B2,peak,549,101037879,254,48316878,0.462659,470,89,0,165,1893,348994054,1034,196142586,0.546223,459,0,575,1421,914,42,0,1,627,0,9.0,e732ba7f77f949f64455fe5907314c0f0674fdf25910606e3aef98823be1b9c3
S3,3,agent,peak,549,101037879,264,50345380,0.480874,417,99,0,165,1893,348994054,713,137943209,0.376651,120,0,593,511,316,12,1,1,168,0,9.0,e732ba7f77f949f64455fe5907314c0f0674fdf25910606e3aef98823be1b9c3
S3,4,B0,peak,591,101212982,176,30730670,0.297800,0,0,0,176,1890,331338175,566,106714215,0.299471,0,0,566,0,0,0,0,1,0,0,8.0,4ddd18a268b02321b2a4f6f13ee0e9da40039086a161f10cf85b093ef440f990
S3,4,B1,peak,591,101212982,272,49451216,0.460237,301,96,0,176,1890,331338175,1051,197309598,0.556085,511,0,540,1088,1088,22,0,1,613,0,8.0,4ddd18a268b02321b2a4f6f13ee0e9da40039086a161f10cf85b093ef440f990
S3,4,B2,peak,591,101212982,284,51682799,0.480541,542,108,0,176,1890,331338175,1039,196267240,0.549735,488,0,551,1448,929,28,0,1,594,0,8.0,4ddd18a268b02321b2a4f6f13ee0e9da40039086a161f10cf85b093ef440f990
S3,4,agent,peak,591,101212982,295,53412207,0.499154,487,119,0,176,1890,331338175,716,135735174,0.378836,150,0,566,595,369,10,1,1,165,0,8.0,4ddd18a268b02321b2a4f6f13ee0e9da40039086a161f10cf85b093ef440f990
S3,5,B0,peak,531,85785047,163,28842379,0.306968,0,0,0,163,1836,306617048,607,110746671,0.330610,0,0,607,0,0,0,0,1,0,0,7.0,9a1320b6d67c24529a03a9b663fbf6f0dd5100b22c4ab33928b879e32d57527e
S3,5,B1,peak,531,85785047,190,33817240,0.357815,367,30,0,160,1836,306617048,973,172173319,0.529956,393,0,580,1113,1113,61,0,1,615,0,7.0,9a1320b6d67c24529a03a9b663fbf6f0dd5100b22c4ab33928b879e32d57527e
S3,5,B2,peak,531,85785047,250,44140431,0.470810,487,87,0,163,1836,306617048,1002,179215212,0.545752,405,0,597,1371,862,39,0,1,572,0,7.0,9a1320b6d67c24529a03a9b663fbf6f0dd5100b22c4ab33928b879e32d57527e
S3,5,agent,peak,531,85785047,251,44805812,0.472693,445,88,0,163,1836,306617048,700,128203609,0.381264,93,0,607,503,302,9,1,1,138,0,7.0,9a1320b6d67c24529a03a9b663fbf6f0dd5100b22c4ab33928b879e32d57527e
S3,6,B0,peak,543,80704784,149,23906011,0.274401,0,0,0,149,1890,277223446,561,86375519,0.296825,0,0,561,0,0,0,0,1,0,0,8.0,8d3cf58598e8e5bdb4dcad099147d5d5dc4b9bcea506167f4f0c250e235d9ed0
S3,6,B1,peak,543,80704784,216,33601671,0.397790,287,69,0,147,1890,277223446,1005,148028126,0.531746,473,0,532,1099,1099,34,0,1,640,0,8.0,8d3cf58598e8e5bdb4dcad099147d5d5dc4b9bcea506167f4f0c250e235d9ed0
S3,6,B2,peak,543,80704784,247,39232293,0.454880,477,98,0,149,1890,277223446,1012,151202554,0.535450,462,0,550,1438,920,38,0,1,614,0,8.0,8d3cf58598e8e5bdb4dcad099147d5d5dc4b9bcea506167f4f0c250e235d9ed0
S3,6,agent,peak,543,80704784,251,39701800,0.462247,417,102,0,149,1890,277223446,716,110469772,0.378836,155,0,561,640,401,17,1,1,229,0,8.0,8d3cf58598e8e5bdb4dcad099147d5d5dc4b9bcea506167f4f0c250e235d9ed0
S3,7,B0,peak,553,114480972,159,36147163,0.287523,0,0,0,159,1882,386064820,613,134208372,0.325717,0,0,613,0,0,0,0,1,0,0,7.0,23755edec38430f7eb0a04b94a1ebb3865df4a25d925770b48464958770d52d8
S3,7,B1,peak,553,114480972,243,55654472,0.439421,260,84,0,159,1882,386064820,1093,234282298,0.580765,514,0,579,1069,1069,25,0,1,631,0,7.0,23755edec38430f7eb0a04b94a1ebb3865df4a25d925770b48464958770d52d8
S3,7,B2,peak,553,114480972,253,57634647,0.457505,485,94,0,159,1882,386064820,1074,230010931,0.570670,481,0,593,1380,888,33,0,1,569,0,7.0,23755edec38430f7eb0a04b94a1ebb3865df4a25d925770b48464958770d52d8
S3,7,agent,peak,553,114480972,259,59646156,0.468354,422,100,0,159,1882,386064820,740,164032863,0.393199,127,0,613,545,336,14,1,1,193,0,7.0,23755edec38430f7eb0a04b94a1ebb3865df4a25d925770b48464958770d52d8
S3,8,B0,peak,492,73438389,146,22801205,0.296748,0,0,0,146,1832,286260504,565,95418158,0.308406,0,0,565,0,0,0,0,2,0,0,7.0,65265ce6aa59ea7c83ba5c5a2a3037e47951bcac684dd7ff4ca315326abc1bed
S3,8,B1,peak,492,73438389,198,30553866,0.402439,306,52,0,146,1832,286260504,992,162621891,0.541485,456,0,536,1119,1119,46,0,2,568,0,7.0,65265ce6aa59ea7c83ba5c5a2a3037e47951bcac684dd7ff4ca315326abc1bed
S3,8,B2,peak,492,73438389,225,34998844,0.457317,423,79,0,146,1832,286260504,986,163391689,0.538210,433,0,553,1429,901,30,0,2,548,0,7.0,65265ce6aa59ea7c83ba5c5a2a3037e47951bcac684dd7ff4ca315326abc1bed
S3,8,agent,peak,492,73438389,229,35523152,0.465447,366,83,0,146,1832,286260504,684,114993915,0.373362,119,0,565,545,335,10,2,2,168,0,7.0,65265ce6aa59ea7c83ba5c5a2a3037e47951bcac684dd7ff4ca315326abc1bed
S3,9,B0,peak,584,92192059,158,27075648,0.270548,0,0,0,158,1954,315857365,586,101430417,0.299898,0,0,586,0,0,0,0,1,0,0,6.0,50ec5ef2e8080802bdb8c1e5c477acd7bcc63727cfbad615cdfc67163fb3268f
S3,9,B1,peak,584,92192059,243,42089285,0.416096,306,85,0,158,1954,315857365,1062,179831504,0.543501,518,0,544,1150,1150,28,0,1,631,0,6.0,50ec5ef2e8080802bdb8c1e5c477acd7bcc63727cfbad615cdfc67163fb3268f
S3,9,B2,peak,584,92192059,260,44465639,0.445205,549,102,0,158,1954,315857365,1057,178988814,0.540942,491,0,566,1533,978,35,0,1,611,0,6.0,50ec5ef2e8080802bdb8c1e5c477acd7bcc63727cfbad615cdfc67163fb3268f
S3,9,agent,peak,584,92192059,263,45260062,0.450342,509,105,0,158,1954,315857365,726,126711452,0.371546,140,0,586,658,406,17,1,1,183,0,6.0,50ec5ef2e8080802bdb8c1e5c477acd7bcc63727cfbad615cdfc67163fb3268f
S4,0,B0,peak,300,61219936,55,12283586,0.183333,0,0,0,55,1781,348519871,519,109420519,0.291409,0,0,519,0,0,0,0,1,0,0,4.0,04048bb0b4a5a9b3bad58bc4fbabda3421fabb2d28f196d063d629d5eda52100
S4,0,B1,peak,300,61219936,80,17854600,0.266667,179,25,0,55,1781,348519871,925,184899142,0.519371,437,0,488,1035,1035,37,0,1,642,0,4.0,04048bb0b4a5a9b3bad58bc4fbabda3421fabb2d28f196d063d629d5eda52100
S4,0,B2,peak,300,61219936,89,20037225,0.296667,264,34,0,55,1781,348519871,927,186509246,0.520494,424,0,503,1305,870,33,0,1,618,0,4.0,04048bb0b4a5a9b3bad58bc4fbabda3421fabb2d28f196d063d629d5eda52100
S4,0,agent,peak,300,61219936,55,12283586,0.183333,0,0,0,55,1781,348519871,519,109420519,0.291409,0,0,519,0,0,0,1,1,0,0,4.0,04048bb0b4a5a9b3bad58bc4fbabda3421fabb2d28f196d063d629d5eda52100
S4,1,B0,peak,323,42350630,42,6888573,0.130031,0,0,0,42,1765,243065298,476,69530657,0.269688,0,0,476,0,0,0,0,1,0,0,11.0,f212d896061f3364bdb57dd085c09895c5f1536b35ff9fafad9257fa81a5c5f7
S4,1,B1,peak,323,42350630,80,11667565,0.247678,177,38,0,42,1765,243065298,913,131733635,0.517280,470,0,443,1019,1019,44,0,1,636,0,11.0,f212d896061f3364bdb57dd085c09895c5f1536b35ff9fafad9257fa81a5c5f7
S4,1,B2,peak,323,42350630,86,13318376,0.266254,269,44,0,42,1765,243065298,901,130982655,0.510482,442,0,459,1307,873,38,0,1,639,0,11.0,f212d896061f3364bdb57dd085c09895c5f1536b35ff9fafad9257fa81a5c5f7
S4,1,agent,peak,323,42350630,42,6888573,0.130031,0,0,0,42,1765,243065298,476,69530657,0.269688,0,0,476,0,0,0,1,1,0,0,11.0,f212d896061f3364bdb57dd085c09895c5f1536b35ff9fafad9257fa81a5c5f7
S4,2,B0,peak,292,59520936,54,11844621,0.184932,0,0,0,54,1701,356555580,532,117159126,0.312757,0,0,532,0,0,0,0,1,0,0,8.0,095e8b9380205056f21d2334f08b5c1b2b72f7a75545bb23260214aa5ad29661
S4,2,B1,peak,292,59520936,96,20954994,0.328767,173,42,0,54,1701,356555580,952,208064591,0.559671,461,0,491,993,993,22,0,1,592,0,8.0,095e8b9380205056f21d2334f08b5c1b2b72f7a75545bb23260214aa5ad29661
S4,2,B2,peak,292,59520936,101,21499397,0.345890,271,47,0,54,1701,356555580,950,208437867,0.558495,434,0,516,1217,818,22,0,1,575,0,8.0,095e8b9380205056f21d2334f08b5c1b2b72f7a75545bb23260214aa5ad29661
S4,2,agent,peak,292,59520936,54,11844621,0.184932,0,0,0,54,1701,356555580,532,117159126,0.312757,0,0,532,0,0,0,1,1,0,0,8.0,095e8b9380205056f21d2334f08b5c1b2b72f7a75545bb23260214aa5ad29661
S4,3,B0,peak,307,55431161,50,8947953,0.162866,0,0,0,50,1721,317224209,505,97089784,0.293434,0,0,505,0,0,0,0,1,0,0,8.0,da0f96c1f90395dc45fe8b8e74f98812179983f3a0b27a111822e9d0badbfa75
S4,3,B1,peak,307,55431161,86,15826584,0.280130,190,37,0,49,1721,317224209,940,176237460,0.546194,479,0,461,1008,1008,25,0,1,596,0,8.0,da0f96c1f90395dc45fe8b8e74f98812179983f3a0b27a111822e9d0badbfa75
S4,3,B2,peak,307,55431161,99,18957412,0.322476,295,49,0,50,1721,317224209,934,177253098,0.542708,448,0,486,1266,853,33,0,1,604,0,8.0,da0f96c1f90395dc45fe8b8e74f98812179983f3a0b27a111822e9d0badbfa75
S4,3,agent,peak,307,55431161,50,8947953,0.162866,0,0,0,50,1721,317224209,505,97089784,0.293434,0,0,505,0,0,0,1,1,0,0,8.0,da0f96c1f90395dc45fe8b8e74f98812179983f3a0b27a111822e9d0badbfa75
S4,4,B0,peak,320,57367002,51,9051945,0.159375,0,0,0,51,1745,311388872,480,91375939,0.275072,0,0,480,0,0,0,0,1,0,0,9.0,476ea678064655d22c2c19e5e1121ac284c4ecc334271842b3c2005d76ce8763
S4,4,B1,peak,320,57367002,99,18204601,0.309375,202,49,0,50,1745,311388872,929,176015681,0.532378,477,0,452,1037,1037,39,0,1,590,0,9.0,476ea678064655d22c2c19e5e1121ac284c4ecc334271842b3c2005d76ce8763
S4,4,B2,peak,320,57367002,98,17745250,0.306250,303,48,0,50,1745,311388872,907,172506514,0.519771,443,0,464,1305,870,31,0,1,612,0,9.0,476ea678064655d22c2c19e5e1121ac284c4ecc334271842b3c2005d76ce8763
S4,4,agent,peak,320,57367002,51,9051945,0.159375,0,0,0,51,1745,311388872,480,91375939,0.275072,0,0,480,0,0,0,1,1,0,0,9.0,476ea678064655d22c2c19e5e1121ac284c4ecc334271842b3c2005d76ce8763
S4,5,B0,peak,293,47320665,39,7063697,0.133106,0,0,0,39,1697,284161310,507,92951946,0.298763,0,0,507,0,0,0,0,1,0,0,6.0,874fbde9d0226c8ce645936136cdb6965e2088e867c78bd391cb4f0712ee9228
S4,5,B1,peak,293,47320665,64,11207567,0.218430,175,25,0,39,1697,284161310,908,159253996,0.535062,432,0,476,981,981,28,0,1,610,0,6.0,874fbde9d0226c8ce645936136cdb6965e2088e867c78bd391cb4f0712ee9228
S4,5,B2,peak,293,47320665,74,13250790,0.252560,269,35,0,39,1697,284161310,908,161867326,0.535062,412,0,496,1211,802,36,0,1,590,0,6.0,874fbde9d0226c8ce645936136cdb6965e2088e867c78bd391cb4f0712ee9228
S4,5,agent,peak,293,47320665,39,7063697,0.133106,0,0,0,39,1697,284161310,507,92951946,0.298763,0,0,507,0,0,0,1,1,0,0,6.0,874fbde9d0226c8ce645936136cdb6965e2088e867c78bd391cb4f0712ee9228
S4,6,B0,peak,285,39684425,37,6021978,0.129825,0,0,0,37,1707,248765760,470,72188606,0.275337,0,0,470,0,0,0,0,1,0,0,20.0,3de1a1dd8a1d41fb0408d479cccd68789ebd1813723b348289ff9c27862411f3
S4,6,B1,peak,285,39684425,67,10257115,0.235088,160,31,0,36,1707,248765760,891,130423016,0.521968,445,0,446,1008,1008,31,0,1,592,0,20.0,3de1a1dd8a1d41fb0408d479cccd68789ebd1813723b348289ff9c27862411f3
S4,6,B2,peak,285,39684425,75,11337687,0.263158,237,38,0,37,1707,248765760,871,129644139,0.510252,411,0,460,1271,848,30,0,1,608,0,20.0,3de1a1dd8a1d41fb0408d479cccd68789ebd1813723b348289ff9c27862411f3
S4,6,agent,peak,285,39684425,37,6021978,0.129825,0,0,0,37,1707,248765760,470,72188606,0.275337,0,0,470,0,0,0,1,1,0,0,20.0,3de1a1dd8a1d41fb0408d479cccd68789ebd1813723b348289ff9c27862411f3
S4,7,B0,peak,256,53636725,30,7988573,0.117188,0,0,0,30,1684,347298039,528,115299723,0.313539,0,0,528,0,0,0,0,1,0,0,12.0,db3c2cb9934a678d8953d7ec052db6af35ff34ce6a6007be0b69bf9a90736e61
S4,7,B1,peak,256,53636725,77,19283200,0.300781,155,47,0,30,1684,347298039,986,210343855,0.585511,490,0,496,991,991,24,0,1,570,0,12.0,db3c2cb9934a678d8953d7ec052db6af35ff34ce6a6007be0b69bf9a90736e61
S4,7,B2,peak,256,53636725,59,14378709,0.230469,240,29,0,30,1684,347298039,938,199925130,0.557007,429,0,509,1208,817,23,0,1,552,0,12.0,db3c2cb9934a678d8953d7ec052db6af35ff34ce6a6007be0b69bf9a90736e61
S4,7,agent,peak,256,53636725,30,7988573,0.117188,0,0,0,30,1684,347298039,528,115299723,0.313539,0,0,528,0,0,0,1,1,0,0,12.0,db3c2cb9934a678d8953d7ec052db6af35ff34ce6a6007be0b69bf9a90736e61
S4,8,B0,peak,309,53004684,52,10364227,0.168285,0,0,0,52,1729,276993572,503,86990828,0.290920,0,0,503,0,0,0,0,1,0,0,7.0,316af0dce957a3749db5a5c5fd0a3eda28de36ceef828f725ab4339320491781
S4,8,B1,peak,309,53004684,82,16350922,0.265372,192,31,0,51,1729,276993572,915,153553079,0.529208,442,0,473,1039,1039,35,0,1,563,0,7.0,316af0dce957a3749db5a5c5fd0a3eda28de36ceef828f725ab4339320491781
S4,8,B2,peak,309,53004684,90,17061742,0.291262,291,39,0,51,1729,276993572,911,154146614,0.526894,422,0,489,1312,864,32,0,1,565,0,7.0,316af0dce957a3749db5a5c5fd0a3eda28de36ceef828f725ab4339320491781
S4,8,agent,peak,309,53004684,52,10364227,0.168285,0,0,0,52,1729,276993572,503,86990828,0.290920,0,0,503,0,0,0,1,1,0,0,7.0,316af0dce957a3749db5a5c5fd0a3eda28de36ceef828f725ab4339320491781
S4,9,B0,peak,319,52622722,48,9672937,0.150470,0,0,0,48,1782,290143632,519,92440922,0.291246,0,0,519,0,0,0,0,1,0,0,10.0,fb77896fa30f40af91dce3c1e63062816279c825647d32a0debc0297c48bae18
S4,9,B1,peak,319,52622722,86,16089291,0.269592,180,38,0,48,1782,290143632,949,162016558,0.532548,472,0,477,1059,1059,26,0,1,609,0,10.0,fb77896fa30f40af91dce3c1e63062816279c825647d32a0debc0297c48bae18
S4,9,B2,peak,319,52622722,94,17454710,0.294671,284,46,0,48,1782,290143632,944,161704261,0.529742,445,0,499,1346,890,30,0,1,616,0,10.0,fb77896fa30f40af91dce3c1e63062816279c825647d32a0debc0297c48bae18
S4,9,agent,peak,319,52622722,48,9672937,0.150470,0,0,0,48,1782,290143632,519,92440922,0.291246,0,0,519,0,0,0,1,1,0,0,10.0,fb77896fa30f40af91dce3c1e63062816279c825647d32a0debc0297c48bae18
